store_id,order_id,due_date,amount,confirmation_status
STORE-001,DEMO-PO-001-A,2026-10-15,468.0,confirmed
STORE-001,DEMO-PO-001-B,2026-10-29,390.0,confirmed
STORE-002,DEMO-PO-002-A,2026-10-15,520.0,confirmed
STORE-002,DEMO-PO-002-B,2026-10-29,416.0,confirmed
STORE-003,DEMO-PO-003-A,2026-10-15,572.0,confirmed
STORE-003,DEMO-PO-003-B,2026-10-29,442.0,confirmed
STORE-004,DEMO-PO-004-A,2026-10-15,624.0,confirmed
STORE-004,DEMO-PO-004-B,2026-10-29,468.0,confirmed
STORE-005,DEMO-PO-005-A,2026-10-15,676.0,confirmed
STORE-005,DEMO-PO-005-B,2026-10-29,494.0,confirmed
STORE-006,DEMO-PO-006-A,2026-10-15,468.0,confirmed
STORE-006,DEMO-PO-006-B,2026-10-29,520.0,confirmed
STORE-007,DEMO-PO-007-A,2026-10-15,520.0,confirmed
STORE-007,DEMO-PO-007-B,2026-10-29,546.0,confirmed
STORE-008,DEMO-PO-008-A,2026-10-15,572.0,confirmed
STORE-008,DEMO-PO-008-B,2026-10-29,390.0,confirmed
STORE-009,DEMO-PO-009-A,2026-10-15,624.0,confirmed
STORE-009,DEMO-PO-009-B,2026-10-29,416.0,confirmed
STORE-010,DEMO-PO-010-A,2026-10-15,676.0,confirmed
STORE-010,DEMO-PO-010-B,2026-10-29,442.0,confirmed
STORE-052,DEMO-PO-011-A,2026-10-15,468.0,confirmed
STORE-052,DEMO-PO-011-B,2026-10-29,468.0,confirmed
STORE-014,DEMO-PO-012-A,2026-10-15,520.0,confirmed
STORE-014,DEMO-PO-012-B,2026-10-29,494.0,confirmed
STORE-026,DEMO-PO-013-A,2026-10-15,572.0,confirmed
STORE-026,DEMO-PO-013-B,2026-10-29,520.0,confirmed
STORE-011,DEMO-PO-014-A,2026-10-15,624.0,confirmed
STORE-011,DEMO-PO-014-B,2026-10-29,546.0,confirmed
STORE-012,DEMO-PO-015-A,2026-10-15,676.0,confirmed
STORE-012,DEMO-PO-015-B,2026-10-29,390.0,confirmed
STORE-013,DEMO-PO-016-A,2026-10-15,468.0,confirmed
STORE-013,DEMO-PO-016-B,2026-10-29,416.0,confirmed
STORE-015,DEMO-PO-017-A,2026-10-15,520.0,confirmed
STORE-015,DEMO-PO-017-B,2026-10-29,442.0,confirmed
STORE-016,DEMO-PO-018-A,2026-10-15,572.0,confirmed
STORE-016,DEMO-PO-018-B,2026-10-29,468.0,confirmed
STORE-017,DEMO-PO-019-A,2026-10-15,624.0,confirmed
STORE-017,DEMO-PO-019-B,2026-10-29,494.0,confirmed
STORE-018,DEMO-PO-020-A,2026-10-15,676.0,confirmed
STORE-018,DEMO-PO-020-B,2026-10-29,520.0,confirmed
STORE-019,DEMO-PO-021-A,2026-10-15,468.0,confirmed
STORE-019,DEMO-PO-021-B,2026-10-29,546.0,confirmed
STORE-020,DEMO-PO-022-A,2026-10-15,520.0,confirmed
STORE-020,DEMO-PO-022-B,2026-10-29,390.0,confirmed
STORE-021,DEMO-PO-023-A,2026-10-15,572.0,confirmed
STORE-021,DEMO-PO-023-B,2026-10-29,416.0,confirmed
STORE-022,DEMO-PO-024-A,2026-10-15,624.0,confirmed
STORE-022,DEMO-PO-024-B,2026-10-29,442.0,confirmed
STORE-023,DEMO-PO-025-A,2026-10-15,676.0,confirmed
STORE-023,DEMO-PO-025-B,2026-10-29,468.0,confirmed
STORE-024,DEMO-PO-026-A,2026-10-15,468.0,confirmed
STORE-024,DEMO-PO-026-B,2026-10-29,494.0,confirmed
STORE-025,DEMO-PO-027-A,2026-10-15,520.0,confirmed
STORE-025,DEMO-PO-027-B,2026-10-29,520.0,confirmed
STORE-027,DEMO-PO-028-A,2026-10-15,572.0,confirmed
STORE-027,DEMO-PO-028-B,2026-10-29,546.0,confirmed
STORE-028,DEMO-PO-029-A,2026-10-15,624.0,confirmed
STORE-028,DEMO-PO-029-B,2026-10-29,390.0,confirmed
STORE-029,DEMO-PO-030-A,2026-10-15,676.0,confirmed
STORE-029,DEMO-PO-030-B,2026-10-29,416.0,confirmed
STORE-030,DEMO-PO-031-A,2026-10-15,468.0,confirmed
STORE-030,DEMO-PO-031-B,2026-10-29,442.0,confirmed
STORE-031,DEMO-PO-032-A,2026-10-15,520.0,confirmed
STORE-031,DEMO-PO-032-B,2026-10-29,468.0,confirmed
STORE-032,DEMO-PO-033-A,2026-10-15,572.0,confirmed
STORE-032,DEMO-PO-033-B,2026-10-29,494.0,confirmed
STORE-033,DEMO-PO-034-A,2026-10-15,624.0,confirmed
STORE-033,DEMO-PO-034-B,2026-10-29,520.0,confirmed
STORE-034,DEMO-PO-035-A,2026-10-15,676.0,confirmed
STORE-034,DEMO-PO-035-B,2026-10-29,546.0,confirmed
STORE-035,DEMO-PO-036-A,2026-10-15,468.0,confirmed
STORE-035,DEMO-PO-036-B,2026-10-29,390.0,confirmed
STORE-036,DEMO-PO-037-A,2026-10-15,520.0,confirmed
STORE-036,DEMO-PO-037-B,2026-10-29,416.0,confirmed
STORE-037,DEMO-PO-038-A,2026-10-15,572.0,confirmed
STORE-037,DEMO-PO-038-B,2026-10-29,442.0,confirmed
STORE-038,DEMO-PO-039-A,2026-10-15,624.0,confirmed
STORE-038,DEMO-PO-039-B,2026-10-29,468.0,confirmed
STORE-039,DEMO-PO-040-A,2026-10-15,676.0,confirmed
STORE-039,DEMO-PO-040-B,2026-10-29,494.0,confirmed
STORE-040,DEMO-PO-041-A,2026-10-15,468.0,confirmed
STORE-040,DEMO-PO-041-B,2026-10-29,520.0,confirmed
STORE-041,DEMO-PO-042-A,2026-10-15,520.0,confirmed
STORE-041,DEMO-PO-042-B,2026-10-29,546.0,confirmed
STORE-042,DEMO-PO-043-A,2026-10-15,572.0,confirmed
STORE-042,DEMO-PO-043-B,2026-10-29,390.0,confirmed
STORE-043,DEMO-PO-044-A,2026-10-15,624.0,confirmed
STORE-043,DEMO-PO-044-B,2026-10-29,416.0,confirmed
STORE-044,DEMO-PO-045-A,2026-10-15,676.0,confirmed
STORE-044,DEMO-PO-045-B,2026-10-29,442.0,confirmed
STORE-045,DEMO-PO-046-A,2026-10-15,468.0,confirmed
STORE-045,DEMO-PO-046-B,2026-10-29,468.0,confirmed
STORE-046,DEMO-PO-047-A,2026-10-15,520.0,confirmed
STORE-046,DEMO-PO-047-B,2026-10-29,494.0,confirmed
STORE-047,DEMO-PO-048-A,2026-10-15,572.0,confirmed
STORE-047,DEMO-PO-048-B,2026-10-29,520.0,confirmed
STORE-048,DEMO-PO-049-A,2026-10-15,624.0,confirmed
STORE-048,DEMO-PO-049-B,2026-10-29,546.0,confirmed
STORE-049,DEMO-PO-050-A,2026-10-15,676.0,confirmed
STORE-049,DEMO-PO-050-B,2026-10-29,390.0,confirmed
