sku,product,category,unit,store_id,store_name,on_hand,unit_cost,unit_price,daily_demand,in_transit,safety_days,target_days,risk_tags,source,risk_id,risk_reason
SN-001,香辣薯片 110g,膨化零食,袋,STORE-001,西湖文三店,32,5.20,7.90,6.4,6,5,7,[],synthetic_regular_inventory_v1,,
SN-002,酸奶夹心饼干 100g,饼干糕点,袋,STORE-001,西湖文三店,48,3.80,5.90,8,16,5,8,[],synthetic_regular_inventory_v1,,
SN-003,无糖乌龙茶 500ml,饮料乳品,瓶,STORE-001,西湖文三店,89,2.60,4.00,12.8,12,5,7,[],synthetic_regular_inventory_v1,,
SN-004,每日坚果 25g,坚果炒货,袋,STORE-001,西湖文三店,70,3.40,5.00,8.8,17,5,9,[],synthetic_regular_inventory_v1,,
SN-005,山楂果脯 200g,糖果果干,袋,STORE-001,西湖文三店,43,4.50,6.90,4.8,4,5,9,[],synthetic_regular_inventory_v1,,
SN-006,奶香蛋卷 150g,饼干糕点,盒,STORE-001,西湖文三店,40,7.20,10.90,4,8,5,8,[],synthetic_regular_inventory_v1,,
SN-001,香辣薯片 110g,膨化零食,袋,STORE-002,余杭未来店,43,5.20,7.90,7.2,7,5,8,[],synthetic_regular_inventory_v1,,
SN-002,酸奶夹心饼干 100g,饼干糕点,袋,STORE-002,余杭未来店,63,3.80,5.90,9,18,5,9,[],synthetic_regular_inventory_v1,,
SN-003,无糖乌龙茶 500ml,饮料乳品,瓶,STORE-002,余杭未来店,115,2.60,4.00,14.4,14,5,8,[],synthetic_regular_inventory_v1,,
SN-004,每日坚果 25g,坚果炒货,袋,STORE-002,余杭未来店,89,3.40,5.00,9.9,19,5,10,[],synthetic_regular_inventory_v1,,
SN-005,山楂果脯 200g,糖果果干,袋,STORE-002,余杭未来店,54,4.50,6.90,5.4,5,5,10,[],synthetic_regular_inventory_v1,,
SN-006,奶香蛋卷 150g,饼干糕点,盒,STORE-002,余杭未来店,49,7.20,10.90,4.5,9,5,9,[],synthetic_regular_inventory_v1,,
SN-001,香辣薯片 110g,膨化零食,袋,STORE-003,拱墅运河店,56,5.20,7.90,8,8,5,7,[],synthetic_regular_inventory_v1,,
SN-002,酸奶夹心饼干 100g,饼干糕点,袋,STORE-003,拱墅运河店,80,3.80,5.90,10,20,5,8,[],synthetic_regular_inventory_v1,,
SN-003,无糖乌龙茶 500ml,饮料乳品,瓶,STORE-003,拱墅运河店,144,2.60,4.00,16,16,5,7,[],synthetic_regular_inventory_v1,,
SN-004,每日坚果 25g,坚果炒货,袋,STORE-003,拱墅运河店,110,3.40,5.00,11,22,5,9,[],synthetic_regular_inventory_v1,,
SN-005,山楂果脯 200g,糖果果干,袋,STORE-003,拱墅运河店,66,4.50,6.90,6,6,5,9,[],synthetic_regular_inventory_v1,,
SN-006,奶香蛋卷 150g,饼干糕点,盒,STORE-003,拱墅运河店,60,7.20,10.90,5,10,5,8,[],synthetic_regular_inventory_v1,,
SN-001,香辣薯片 110g,膨化零食,袋,STORE-004,上城庆春店,70,5.20,7.90,8.8,8,5,8,[],synthetic_regular_inventory_v1,,
SN-002,酸奶夹心饼干 100g,饼干糕点,袋,STORE-004,上城庆春店,99,3.80,5.90,11,22,5,9,[],synthetic_regular_inventory_v1,,
SN-003,无糖乌龙茶 500ml,饮料乳品,瓶,STORE-004,上城庆春店,176,2.60,4.00,17.6,17,5,8,[],synthetic_regular_inventory_v1,,
SN-004,每日坚果 25g,坚果炒货,袋,STORE-004,上城庆春店,133,3.40,5.00,12.1,24,5,10,[],synthetic_regular_inventory_v1,,
SN-005,山楂果脯 200g,糖果果干,袋,STORE-004,上城庆春店,79,4.50,6.90,6.6,6,5,10,[],synthetic_regular_inventory_v1,,
SN-006,奶香蛋卷 150g,饼干糕点,盒,STORE-004,上城庆春店,71,7.20,10.90,5.5,11,5,9,[],synthetic_regular_inventory_v1,,
SN-001,香辣薯片 110g,膨化零食,袋,STORE-005,临平东湖店,86,5.20,7.90,9.6,9,5,7,[],synthetic_regular_inventory_v1,,
SN-002,酸奶夹心饼干 100g,饼干糕点,袋,STORE-005,临平东湖店,120,3.80,5.90,12,24,5,8,[],synthetic_regular_inventory_v1,,
SN-003,无糖乌龙茶 500ml,饮料乳品,瓶,STORE-005,临平东湖店,211,2.60,4.00,19.2,19,5,7,[],synthetic_regular_inventory_v1,,
SN-004,每日坚果 25g,坚果炒货,袋,STORE-005,临平东湖店,158,3.40,5.00,13.2,26,5,9,[],synthetic_regular_inventory_v1,,
SN-005,山楂果脯 200g,糖果果干,袋,STORE-005,临平东湖店,93,4.50,6.90,7.2,7,5,9,[],synthetic_regular_inventory_v1,,
SN-006,奶香蛋卷 150g,饼干糕点,盒,STORE-005,临平东湖店,30,7.20,10.90,6,12,5,8,[],synthetic_regular_inventory_v1,,
SN-001,香辣薯片 110g,膨化零食,袋,STORE-006,西湖古荡店,64,5.20,7.90,6.4,6,5,8,[],synthetic_regular_inventory_v1,,
SN-002,酸奶夹心饼干 100g,饼干糕点,袋,STORE-006,西湖古荡店,88,3.80,5.90,8,16,5,9,[],synthetic_regular_inventory_v1,,
SN-003,无糖乌龙茶 500ml,饮料乳品,瓶,STORE-006,西湖古荡店,153,2.60,4.00,12.8,12,5,8,[],synthetic_regular_inventory_v1,,
SN-004,每日坚果 25g,坚果炒货,袋,STORE-006,西湖古荡店,114,3.40,5.00,8.8,17,5,10,[],synthetic_regular_inventory_v1,,
SN-005,山楂果脯 200g,糖果果干,袋,STORE-006,西湖古荡店,24,4.50,6.90,4.8,4,5,10,[],synthetic_regular_inventory_v1,,
SN-006,奶香蛋卷 150g,饼干糕点,盒,STORE-006,西湖古荡店,24,7.20,10.90,4,8,5,9,[],synthetic_regular_inventory_v1,,
SN-001,香辣薯片 110g,膨化零食,袋,STORE-007,上城湖滨店,79,5.20,7.90,7.2,7,5,7,[],synthetic_regular_inventory_v1,,
SN-002,酸奶夹心饼干 100g,饼干糕点,袋,STORE-007,上城湖滨店,108,3.80,5.90,9,18,5,8,[],synthetic_regular_inventory_v1,,
SN-003,无糖乌龙茶 500ml,饮料乳品,瓶,STORE-007,上城湖滨店,187,2.60,4.00,14.4,14,5,7,[],synthetic_regular_inventory_v1,,
SN-004,每日坚果 25g,坚果炒货,袋,STORE-007,上城湖滨店,49,3.40,5.00,9.9,19,5,9,[],synthetic_regular_inventory_v1,,
SN-005,山楂果脯 200g,糖果果干,袋,STORE-007,上城湖滨店,32,4.50,6.90,5.4,5,5,9,[],synthetic_regular_inventory_v1,,
SN-006,奶香蛋卷 150g,饼干糕点,盒,STORE-007,上城湖滨店,31,7.20,10.90,4.5,9,5,8,[],synthetic_regular_inventory_v1,,
SN-001,香辣薯片 110g,膨化零食,袋,STORE-008,拱墅大关店,96,5.20,7.90,8,8,5,8,[],synthetic_regular_inventory_v1,,
SN-002,酸奶夹心饼干 100g,饼干糕点,袋,STORE-008,拱墅大关店,130,3.80,5.90,10,20,5,9,[],synthetic_regular_inventory_v1,,
SN-003,无糖乌龙茶 500ml,饮料乳品,瓶,STORE-008,拱墅大关店,80,2.60,4.00,16,16,5,8,[],synthetic_regular_inventory_v1,,
SN-004,每日坚果 25g,坚果炒货,袋,STORE-008,拱墅大关店,66,3.40,5.00,11,22,5,10,[],synthetic_regular_inventory_v1,,
SN-005,山楂果脯 200g,糖果果干,袋,STORE-008,拱墅大关店,42,4.50,6.90,6,6,5,10,[],synthetic_regular_inventory_v1,,
SN-006,奶香蛋卷 150g,饼干糕点,盒,STORE-008,拱墅大关店,40,7.20,10.90,5,10,5,9,[],synthetic_regular_inventory_v1,,
SN-001,香辣薯片 110g,膨化零食,袋,STORE-009,余杭仓前店,114,5.20,7.90,8.8,8,5,7,[],synthetic_regular_inventory_v1,,
SN-002,酸奶夹心饼干 100g,饼干糕点,袋,STORE-009,余杭仓前店,55,3.80,5.90,11,22,5,8,[],synthetic_regular_inventory_v1,,
SN-003,无糖乌龙茶 500ml,饮料乳品,瓶,STORE-009,余杭仓前店,105,2.60,4.00,17.6,17,5,7,[],synthetic_regular_inventory_v1,,
SN-004,每日坚果 25g,坚果炒货,袋,STORE-009,余杭仓前店,84,3.40,5.00,12.1,24,5,9,[],synthetic_regular_inventory_v1,,
SN-005,山楂果脯 200g,糖果果干,袋,STORE-009,余杭仓前店,52,4.50,6.90,6.6,6,5,9,[],synthetic_regular_inventory_v1,,
SN-006,奶香蛋卷 150g,饼干糕点,盒,STORE-009,余杭仓前店,49,7.20,10.90,5.5,11,5,8,[],synthetic_regular_inventory_v1,,
SN-001,香辣薯片 110g,膨化零食,袋,STORE-010,临平星桥店,48,5.20,7.90,9.6,9,5,8,[],synthetic_regular_inventory_v1,,
SN-002,酸奶夹心饼干 100g,饼干糕点,袋,STORE-010,临平星桥店,72,3.80,5.90,12,24,5,9,[],synthetic_regular_inventory_v1,,
SN-003,无糖乌龙茶 500ml,饮料乳品,瓶,STORE-010,临平星桥店,134,2.60,4.00,19.2,19,5,8,[],synthetic_regular_inventory_v1,,
SN-004,每日坚果 25g,坚果炒货,袋,STORE-010,临平星桥店,105,3.40,5.00,13.2,26,5,10,[],synthetic_regular_inventory_v1,,
SN-005,山楂果脯 200g,糖果果干,袋,STORE-010,临平星桥店,64,4.50,6.90,7.2,7,5,10,[],synthetic_regular_inventory_v1,,
SN-006,奶香蛋卷 150g,饼干糕点,盒,STORE-010,临平星桥店,60,7.20,10.90,6,12,5,9,[],synthetic_regular_inventory_v1,,
SN-001,香辣薯片 110g,膨化零食,袋,STORE-052,西湖学院路店,38,5.20,7.90,6.4,6,5,7,[],synthetic_regular_inventory_v1,,
SN-002,酸奶夹心饼干 100g,饼干糕点,袋,STORE-052,西湖学院路店,56,3.80,5.90,8,16,5,8,[],synthetic_regular_inventory_v1,,
SN-003,无糖乌龙茶 500ml,饮料乳品,瓶,STORE-052,西湖学院路店,102,2.60,4.00,12.8,12,5,7,[],synthetic_regular_inventory_v1,,
SN-004,每日坚果 25g,坚果炒货,袋,STORE-052,西湖学院路店,79,3.40,5.00,8.8,17,5,9,[],synthetic_regular_inventory_v1,,
SN-005,山楂果脯 200g,糖果果干,袋,STORE-052,西湖学院路店,48,4.50,6.90,4.8,4,5,9,[],synthetic_regular_inventory_v1,,
SN-006,奶香蛋卷 150g,饼干糕点,盒,STORE-052,西湖学院路店,44,7.20,10.90,4,8,5,8,[],synthetic_regular_inventory_v1,,
SN-001,香辣薯片 110g,膨化零食,袋,STORE-014,西湖蒋村店,50,5.20,7.90,7.2,7,5,8,[],synthetic_regular_inventory_v1,,
SN-002,酸奶夹心饼干 100g,饼干糕点,袋,STORE-014,西湖蒋村店,72,3.80,5.90,9,18,5,9,[],synthetic_regular_inventory_v1,,
SN-003,无糖乌龙茶 500ml,饮料乳品,瓶,STORE-014,西湖蒋村店,129,2.60,4.00,14.4,14,5,8,[],synthetic_regular_inventory_v1,,
SN-004,每日坚果 25g,坚果炒货,袋,STORE-014,西湖蒋村店,99,3.40,5.00,9.9,19,5,10,[],synthetic_regular_inventory_v1,,
SN-005,山楂果脯 200g,糖果果干,袋,STORE-014,西湖蒋村店,59,4.50,6.90,5.4,5,5,10,[],synthetic_regular_inventory_v1,,
SN-006,奶香蛋卷 150g,饼干糕点,盒,STORE-014,西湖蒋村店,54,7.20,10.90,4.5,9,5,9,[],synthetic_regular_inventory_v1,,
SN-001,香辣薯片 110g,膨化零食,袋,STORE-026,西湖转塘店,64,5.20,7.90,8,8,5,7,[],synthetic_regular_inventory_v1,,
SN-002,酸奶夹心饼干 100g,饼干糕点,袋,STORE-026,西湖转塘店,90,3.80,5.90,10,20,5,8,[],synthetic_regular_inventory_v1,,
SN-003,无糖乌龙茶 500ml,饮料乳品,瓶,STORE-026,西湖转塘店,160,2.60,4.00,16,16,5,7,[],synthetic_regular_inventory_v1,,
SN-004,每日坚果 25g,坚果炒货,袋,STORE-026,西湖转塘店,121,3.40,5.00,11,22,5,9,[],synthetic_regular_inventory_v1,,
SN-005,山楂果脯 200g,糖果果干,袋,STORE-026,西湖转塘店,72,4.50,6.90,6,6,5,9,[],synthetic_regular_inventory_v1,,
SN-006,奶香蛋卷 150g,饼干糕点,盒,STORE-026,西湖转塘店,65,7.20,10.90,5,10,5,8,[],synthetic_regular_inventory_v1,,
SN-001,香辣薯片 110g,膨化零食,袋,STORE-011,滨江长河店,79,5.20,7.90,8.8,8,5,8,[],synthetic_regular_inventory_v1,,
SN-002,酸奶夹心饼干 100g,饼干糕点,袋,STORE-011,滨江长河店,110,3.80,5.90,11,22,5,9,[],synthetic_regular_inventory_v1,,
SN-003,无糖乌龙茶 500ml,饮料乳品,瓶,STORE-011,滨江长河店,193,2.60,4.00,17.6,17,5,8,[],synthetic_regular_inventory_v1,,
SN-004,每日坚果 25g,坚果炒货,袋,STORE-011,滨江长河店,145,3.40,5.00,12.1,24,5,10,[],synthetic_regular_inventory_v1,,
SN-005,山楂果脯 200g,糖果果干,袋,STORE-011,滨江长河店,85,4.50,6.90,6.6,6,5,10,[],synthetic_regular_inventory_v1,,
SN-006,奶香蛋卷 150g,饼干糕点,盒,STORE-011,滨江长河店,27,7.20,10.90,5.5,11,5,9,[],synthetic_regular_inventory_v1,,
SN-001,香辣薯片 110g,膨化零食,袋,STORE-012,萧山北干店,96,5.20,7.90,9.6,9,5,7,[],synthetic_regular_inventory_v1,,
SN-002,酸奶夹心饼干 100g,饼干糕点,袋,STORE-012,萧山北干店,132,3.80,5.90,12,24,5,8,[],synthetic_regular_inventory_v1,,
SN-003,无糖乌龙茶 500ml,饮料乳品,瓶,STORE-012,萧山北干店,230,2.60,4.00,19.2,19,5,7,[],synthetic_regular_inventory_v1,,
SN-004,每日坚果 25g,坚果炒货,袋,STORE-012,萧山北干店,171,3.40,5.00,13.2,26,5,9,[],synthetic_regular_inventory_v1,,
SN-005,山楂果脯 200g,糖果果干,袋,STORE-012,萧山北干店,36,4.50,6.90,7.2,7,5,9,[],synthetic_regular_inventory_v1,,
SN-006,奶香蛋卷 150g,饼干糕点,盒,STORE-012,萧山北干店,36,7.20,10.90,6,12,5,8,[],synthetic_regular_inventory_v1,,
SN-001,香辣薯片 110g,膨化零食,袋,STORE-013,钱塘下沙店,70,5.20,7.90,6.4,6,5,8,[],synthetic_regular_inventory_v1,,
SN-002,酸奶夹心饼干 100g,饼干糕点,袋,STORE-013,钱塘下沙店,96,3.80,5.90,8,16,5,9,[],synthetic_regular_inventory_v1,,
SN-003,无糖乌龙茶 500ml,饮料乳品,瓶,STORE-013,钱塘下沙店,166,2.60,4.00,12.8,12,5,8,[],synthetic_regular_inventory_v1,,
SN-004,每日坚果 25g,坚果炒货,袋,STORE-013,钱塘下沙店,44,3.40,5.00,8.8,17,5,10,[],synthetic_regular_inventory_v1,,
SN-005,山楂果脯 200g,糖果果干,袋,STORE-013,钱塘下沙店,28,4.50,6.90,4.8,4,5,10,[],synthetic_regular_inventory_v1,,
SN-006,奶香蛋卷 150g,饼干糕点,盒,STORE-013,钱塘下沙店,28,7.20,10.90,4,8,5,9,[],synthetic_regular_inventory_v1,,
SN-001,香辣薯片 110g,膨化零食,袋,STORE-015,滨江浦沿店,86,5.20,7.90,7.2,7,5,7,[],synthetic_regular_inventory_v1,,
SN-002,酸奶夹心饼干 100g,饼干糕点,袋,STORE-015,滨江浦沿店,117,3.80,5.90,9,18,5,8,[],synthetic_regular_inventory_v1,,
SN-003,无糖乌龙茶 500ml,饮料乳品,瓶,STORE-015,滨江浦沿店,72,2.60,4.00,14.4,14,5,7,[],synthetic_regular_inventory_v1,,
SN-004,每日坚果 25g,坚果炒货,袋,STORE-015,滨江浦沿店,59,3.40,5.00,9.9,19,5,9,[],synthetic_regular_inventory_v1,,
SN-005,山楂果脯 200g,糖果果干,袋,STORE-015,滨江浦沿店,37,4.50,6.90,5.4,5,5,9,[],synthetic_regular_inventory_v1,,
SN-006,奶香蛋卷 150g,饼干糕点,盒,STORE-015,滨江浦沿店,36,7.20,10.90,4.5,9,5,8,[],synthetic_regular_inventory_v1,,
SN-001,香辣薯片 110g,膨化零食,袋,STORE-016,萧山城厢店,104,5.20,7.90,8,8,5,8,[],synthetic_regular_inventory_v1,,
SN-002,酸奶夹心饼干 100g,饼干糕点,袋,STORE-016,萧山城厢店,50,3.80,5.90,10,20,5,9,[],synthetic_regular_inventory_v1,,
SN-003,无糖乌龙茶 500ml,饮料乳品,瓶,STORE-016,萧山城厢店,96,2.60,4.00,16,16,5,8,[],synthetic_regular_inventory_v1,,
SN-004,每日坚果 25g,坚果炒货,袋,STORE-016,萧山城厢店,77,3.40,5.00,11,22,5,10,[],synthetic_regular_inventory_v1,,
SN-005,山楂果脯 200g,糖果果干,袋,STORE-016,萧山城厢店,48,4.50,6.90,6,6,5,10,[],synthetic_regular_inventory_v1,,
SN-006,奶香蛋卷 150g,饼干糕点,盒,STORE-016,萧山城厢店,45,7.20,10.90,5,10,5,9,[],synthetic_regular_inventory_v1,,
SN-001,香辣薯片 110g,膨化零食,袋,STORE-017,钱塘白杨店,44,5.20,7.90,8.8,8,5,7,[],synthetic_regular_inventory_v1,,
SN-002,酸奶夹心饼干 100g,饼干糕点,袋,STORE-017,钱塘白杨店,66,3.80,5.90,11,22,5,8,[],synthetic_regular_inventory_v1,,
SN-003,无糖乌龙茶 500ml,饮料乳品,瓶,STORE-017,钱塘白杨店,123,2.60,4.00,17.6,17,5,7,[],synthetic_regular_inventory_v1,,
SN-004,每日坚果 25g,坚果炒货,袋,STORE-017,钱塘白杨店,96,3.40,5.00,12.1,24,5,9,[],synthetic_regular_inventory_v1,,
SN-005,山楂果脯 200g,糖果果干,袋,STORE-017,钱塘白杨店,59,4.50,6.90,6.6,6,5,9,[],synthetic_regular_inventory_v1,,
SN-006,奶香蛋卷 150g,饼干糕点,盒,STORE-017,钱塘白杨店,55,7.20,10.90,5.5,11,5,8,[],synthetic_regular_inventory_v1,,
SN-001,香辣薯片 110g,膨化零食,袋,STORE-018,西湖翠苑店,57,5.20,7.90,9.6,9,5,8,[],synthetic_regular_inventory_v1,,
SN-002,酸奶夹心饼干 100g,饼干糕点,袋,STORE-018,西湖翠苑店,84,3.80,5.90,12,24,5,9,[],synthetic_regular_inventory_v1,,
SN-003,无糖乌龙茶 500ml,饮料乳品,瓶,STORE-018,西湖翠苑店,153,2.60,4.00,19.2,19,5,8,[],synthetic_regular_inventory_v1,,
SN-004,每日坚果 25g,坚果炒货,袋,STORE-018,西湖翠苑店,118,3.40,5.00,13.2,26,5,10,[],synthetic_regular_inventory_v1,,
SN-005,山楂果脯 200g,糖果果干,袋,STORE-018,西湖翠苑店,72,4.50,6.90,7.2,7,5,10,[],synthetic_regular_inventory_v1,,
SN-006,奶香蛋卷 150g,饼干糕点,盒,STORE-018,西湖翠苑店,66,7.20,10.90,6,12,5,9,[],synthetic_regular_inventory_v1,,
SN-001,香辣薯片 110g,膨化零食,袋,STORE-019,上城望江店,44,5.20,7.90,6.4,6,5,7,[],synthetic_regular_inventory_v1,,
SN-002,酸奶夹心饼干 100g,饼干糕点,袋,STORE-019,上城望江店,64,3.80,5.90,8,16,5,8,[],synthetic_regular_inventory_v1,,
SN-003,无糖乌龙茶 500ml,饮料乳品,瓶,STORE-019,上城望江店,115,2.60,4.00,12.8,12,5,7,[],synthetic_regular_inventory_v1,,
SN-004,每日坚果 25g,坚果炒货,袋,STORE-019,上城望江店,88,3.40,5.00,8.8,17,5,9,[],synthetic_regular_inventory_v1,,
SN-005,山楂果脯 200g,糖果果干,袋,STORE-019,上城望江店,52,4.50,6.90,4.8,4,5,9,[],synthetic_regular_inventory_v1,,
SN-006,奶香蛋卷 150g,饼干糕点,盒,STORE-019,上城望江店,48,7.20,10.90,4,8,5,8,[],synthetic_regular_inventory_v1,,
SN-001,香辣薯片 110g,膨化零食,袋,STORE-020,拱墅祥符店,57,5.20,7.90,7.2,7,5,8,[],synthetic_regular_inventory_v1,,
SN-002,酸奶夹心饼干 100g,饼干糕点,袋,STORE-020,拱墅祥符店,81,3.80,5.90,9,18,5,9,[],synthetic_regular_inventory_v1,,
SN-003,无糖乌龙茶 500ml,饮料乳品,瓶,STORE-020,拱墅祥符店,144,2.60,4.00,14.4,14,5,8,[],synthetic_regular_inventory_v1,,
SN-004,每日坚果 25g,坚果炒货,袋,STORE-020,拱墅祥符店,108,3.40,5.00,9.9,19,5,10,[],synthetic_regular_inventory_v1,,
SN-005,山楂果脯 200g,糖果果干,袋,STORE-020,拱墅祥符店,64,4.50,6.90,5.4,5,5,10,[],synthetic_regular_inventory_v1,,
SN-006,奶香蛋卷 150g,饼干糕点,盒,STORE-020,拱墅祥符店,58,7.20,10.90,4.5,9,5,9,[],synthetic_regular_inventory_v1,,
SN-001,香辣薯片 110g,膨化零食,袋,STORE-021,余杭良渚店,72,5.20,7.90,8,8,5,7,[],synthetic_regular_inventory_v1,,
SN-002,酸奶夹心饼干 100g,饼干糕点,袋,STORE-021,余杭良渚店,100,3.80,5.90,10,20,5,8,[],synthetic_regular_inventory_v1,,
SN-003,无糖乌龙茶 500ml,饮料乳品,瓶,STORE-021,余杭良渚店,176,2.60,4.00,16,16,5,7,[],synthetic_regular_inventory_v1,,
SN-004,每日坚果 25g,坚果炒货,袋,STORE-021,余杭良渚店,132,3.40,5.00,11,22,5,9,[],synthetic_regular_inventory_v1,,
SN-005,山楂果脯 200g,糖果果干,袋,STORE-021,余杭良渚店,78,4.50,6.90,6,6,5,9,[],synthetic_regular_inventory_v1,,
SN-006,奶香蛋卷 150g,饼干糕点,盒,STORE-021,余杭良渚店,25,7.20,10.90,5,10,5,8,[],synthetic_regular_inventory_v1,,
SN-001,香辣薯片 110g,膨化零食,袋,STORE-022,临平南苑店,88,5.20,7.90,8.8,8,5,8,[],synthetic_regular_inventory_v1,,
SN-002,酸奶夹心饼干 100g,饼干糕点,袋,STORE-022,临平南苑店,121,3.80,5.90,11,22,5,9,[],synthetic_regular_inventory_v1,,
SN-003,无糖乌龙茶 500ml,饮料乳品,瓶,STORE-022,临平南苑店,211,2.60,4.00,17.6,17,5,8,[],synthetic_regular_inventory_v1,,
SN-004,每日坚果 25g,坚果炒货,袋,STORE-022,临平南苑店,157,3.40,5.00,12.1,24,5,10,[],synthetic_regular_inventory_v1,,
SN-005,山楂果脯 200g,糖果果干,袋,STORE-022,临平南苑店,33,4.50,6.90,6.6,6,5,10,[],synthetic_regular_inventory_v1,,
SN-006,奶香蛋卷 150g,饼干糕点,盒,STORE-022,临平南苑店,33,7.20,10.90,5.5,11,5,9,[],synthetic_regular_inventory_v1,,
SN-001,香辣薯片 110g,膨化零食,袋,STORE-023,滨江西兴店,105,5.20,7.90,9.6,9,5,7,[],synthetic_regular_inventory_v1,,
SN-002,酸奶夹心饼干 100g,饼干糕点,袋,STORE-023,滨江西兴店,144,3.80,5.90,12,24,5,8,[],synthetic_regular_inventory_v1,,
SN-003,无糖乌龙茶 500ml,饮料乳品,瓶,STORE-023,滨江西兴店,249,2.60,4.00,19.2,19,5,7,[],synthetic_regular_inventory_v1,,
SN-004,每日坚果 25g,坚果炒货,袋,STORE-023,滨江西兴店,66,3.40,5.00,13.2,26,5,9,[],synthetic_regular_inventory_v1,,
SN-005,山楂果脯 200g,糖果果干,袋,STORE-023,滨江西兴店,43,4.50,6.90,7.2,7,5,9,[],synthetic_regular_inventory_v1,,
SN-006,奶香蛋卷 150g,饼干糕点,盒,STORE-023,滨江西兴店,42,7.20,10.90,6,12,5,8,[],synthetic_regular_inventory_v1,,
SN-001,香辣薯片 110g,膨化零食,袋,STORE-024,萧山新塘店,76,5.20,7.90,6.4,6,5,8,[],synthetic_regular_inventory_v1,,
SN-002,酸奶夹心饼干 100g,饼干糕点,袋,STORE-024,萧山新塘店,104,3.80,5.90,8,16,5,9,[],synthetic_regular_inventory_v1,,
SN-003,无糖乌龙茶 500ml,饮料乳品,瓶,STORE-024,萧山新塘店,64,2.60,4.00,12.8,12,5,8,[],synthetic_regular_inventory_v1,,
SN-004,每日坚果 25g,坚果炒货,袋,STORE-024,萧山新塘店,52,3.40,5.00,8.8,17,5,10,[],synthetic_regular_inventory_v1,,
SN-005,山楂果脯 200g,糖果果干,袋,STORE-024,萧山新塘店,33,4.50,6.90,4.8,4,5,10,[],synthetic_regular_inventory_v1,,
SN-006,奶香蛋卷 150g,饼干糕点,盒,STORE-024,萧山新塘店,32,7.20,10.90,4,8,5,9,[],synthetic_regular_inventory_v1,,
SN-001,香辣薯片 110g,膨化零食,袋,STORE-025,钱塘义蓬店,93,5.20,7.90,7.2,7,5,7,[],synthetic_regular_inventory_v1,,
SN-002,酸奶夹心饼干 100g,饼干糕点,袋,STORE-025,钱塘义蓬店,45,3.80,5.90,9,18,5,8,[],synthetic_regular_inventory_v1,,
SN-003,无糖乌龙茶 500ml,饮料乳品,瓶,STORE-025,钱塘义蓬店,86,2.60,4.00,14.4,14,5,7,[],synthetic_regular_inventory_v1,,
SN-004,每日坚果 25g,坚果炒货,袋,STORE-025,钱塘义蓬店,69,3.40,5.00,9.9,19,5,9,[],synthetic_regular_inventory_v1,,
SN-005,山楂果脯 200g,糖果果干,袋,STORE-025,钱塘义蓬店,43,4.50,6.90,5.4,5,5,9,[],synthetic_regular_inventory_v1,,
SN-006,奶香蛋卷 150g,饼干糕点,盒,STORE-025,钱塘义蓬店,40,7.20,10.90,4.5,9,5,8,[],synthetic_regular_inventory_v1,,
SN-001,香辣薯片 110g,膨化零食,袋,STORE-027,上城四季青店,40,5.20,7.90,8,8,5,8,[],synthetic_regular_inventory_v1,,
SN-002,酸奶夹心饼干 100g,饼干糕点,袋,STORE-027,上城四季青店,60,3.80,5.90,10,20,5,9,[],synthetic_regular_inventory_v1,,
SN-003,无糖乌龙茶 500ml,饮料乳品,瓶,STORE-027,上城四季青店,112,2.60,4.00,16,16,5,8,[],synthetic_regular_inventory_v1,,
SN-004,每日坚果 25g,坚果炒货,袋,STORE-027,上城四季青店,88,3.40,5.00,11,22,5,10,[],synthetic_regular_inventory_v1,,
SN-005,山楂果脯 200g,糖果果干,袋,STORE-027,上城四季青店,54,4.50,6.90,6,6,5,10,[],synthetic_regular_inventory_v1,,
SN-006,奶香蛋卷 150g,饼干糕点,盒,STORE-027,上城四季青店,50,7.20,10.90,5,10,5,9,[],synthetic_regular_inventory_v1,,
SN-001,香辣薯片 110g,膨化零食,袋,STORE-028,拱墅湖墅店,52,5.20,7.90,8.8,8,5,7,[],synthetic_regular_inventory_v1,,
SN-002,酸奶夹心饼干 100g,饼干糕点,袋,STORE-028,拱墅湖墅店,77,3.80,5.90,11,22,5,8,[],synthetic_regular_inventory_v1,,
SN-003,无糖乌龙茶 500ml,饮料乳品,瓶,STORE-028,拱墅湖墅店,140,2.60,4.00,17.6,17,5,7,[],synthetic_regular_inventory_v1,,
SN-004,每日坚果 25g,坚果炒货,袋,STORE-028,拱墅湖墅店,108,3.40,5.00,12.1,24,5,9,[],synthetic_regular_inventory_v1,,
SN-005,山楂果脯 200g,糖果果干,袋,STORE-028,拱墅湖墅店,66,4.50,6.90,6.6,6,5,9,[],synthetic_regular_inventory_v1,,
SN-006,奶香蛋卷 150g,饼干糕点,盒,STORE-028,拱墅湖墅店,60,7.20,10.90,5.5,11,5,8,[],synthetic_regular_inventory_v1,,
SN-001,香辣薯片 110g,膨化零食,袋,STORE-029,余杭闲林店,67,5.20,7.90,9.6,9,5,8,[],synthetic_regular_inventory_v1,,
SN-002,酸奶夹心饼干 100g,饼干糕点,袋,STORE-029,余杭闲林店,96,3.80,5.90,12,24,5,9,[],synthetic_regular_inventory_v1,,
SN-003,无糖乌龙茶 500ml,饮料乳品,瓶,STORE-029,余杭闲林店,172,2.60,4.00,19.2,19,5,8,[],synthetic_regular_inventory_v1,,
SN-004,每日坚果 25g,坚果炒货,袋,STORE-029,余杭闲林店,132,3.40,5.00,13.2,26,5,10,[],synthetic_regular_inventory_v1,,
SN-005,山楂果脯 200g,糖果果干,袋,STORE-029,余杭闲林店,79,4.50,6.90,7.2,7,5,10,[],synthetic_regular_inventory_v1,,
SN-006,奶香蛋卷 150g,饼干糕点,盒,STORE-029,余杭闲林店,72,7.20,10.90,6,12,5,9,[],synthetic_regular_inventory_v1,,
SN-001,香辣薯片 110g,膨化零食,袋,STORE-030,临平乔司店,51,5.20,7.90,6.4,6,5,7,[],synthetic_regular_inventory_v1,,
SN-002,酸奶夹心饼干 100g,饼干糕点,袋,STORE-030,临平乔司店,72,3.80,5.90,8,16,5,8,[],synthetic_regular_inventory_v1,,
SN-003,无糖乌龙茶 500ml,饮料乳品,瓶,STORE-030,临平乔司店,128,2.60,4.00,12.8,12,5,7,[],synthetic_regular_inventory_v1,,
SN-004,每日坚果 25g,坚果炒货,袋,STORE-030,临平乔司店,96,3.40,5.00,8.8,17,5,9,[],synthetic_regular_inventory_v1,,
SN-005,山楂果脯 200g,糖果果干,袋,STORE-030,临平乔司店,57,4.50,6.90,4.8,4,5,9,[],synthetic_regular_inventory_v1,,
SN-006,奶香蛋卷 150g,饼干糕点,盒,STORE-030,临平乔司店,52,7.20,10.90,4,8,5,8,[],synthetic_regular_inventory_v1,,
SN-001,香辣薯片 110g,膨化零食,袋,STORE-031,滨江彩虹城店,64,5.20,7.90,7.2,7,5,8,[],synthetic_regular_inventory_v1,,
SN-002,酸奶夹心饼干 100g,饼干糕点,袋,STORE-031,滨江彩虹城店,90,3.80,5.90,9,18,5,9,[],synthetic_regular_inventory_v1,,
SN-003,无糖乌龙茶 500ml,饮料乳品,瓶,STORE-031,滨江彩虹城店,158,2.60,4.00,14.4,14,5,8,[],synthetic_regular_inventory_v1,,
SN-004,每日坚果 25g,坚果炒货,袋,STORE-031,滨江彩虹城店,118,3.40,5.00,9.9,19,5,10,[],synthetic_regular_inventory_v1,,
SN-005,山楂果脯 200g,糖果果干,袋,STORE-031,滨江彩虹城店,70,4.50,6.90,5.4,5,5,10,[],synthetic_regular_inventory_v1,,
SN-006,奶香蛋卷 150g,饼干糕点,盒,STORE-031,滨江彩虹城店,22,7.20,10.90,4.5,9,5,9,[],synthetic_regular_inventory_v1,,
SN-001,香辣薯片 110g,膨化零食,袋,STORE-032,萧山蜀山店,80,5.20,7.90,8,8,5,7,[],synthetic_regular_inventory_v1,,
SN-002,酸奶夹心饼干 100g,饼干糕点,袋,STORE-032,萧山蜀山店,110,3.80,5.90,10,20,5,8,[],synthetic_regular_inventory_v1,,
SN-003,无糖乌龙茶 500ml,饮料乳品,瓶,STORE-032,萧山蜀山店,192,2.60,4.00,16,16,5,7,[],synthetic_regular_inventory_v1,,
SN-004,每日坚果 25g,坚果炒货,袋,STORE-032,萧山蜀山店,143,3.40,5.00,11,22,5,9,[],synthetic_regular_inventory_v1,,
SN-005,山楂果脯 200g,糖果果干,袋,STORE-032,萧山蜀山店,30,4.50,6.90,6,6,5,9,[],synthetic_regular_inventory_v1,,
SN-006,奶香蛋卷 150g,饼干糕点,盒,STORE-032,萧山蜀山店,30,7.20,10.90,5,10,5,8,[],synthetic_regular_inventory_v1,,
SN-001,香辣薯片 110g,膨化零食,袋,STORE-033,钱塘河庄店,96,5.20,7.90,8.8,8,5,8,[],synthetic_regular_inventory_v1,,
SN-002,酸奶夹心饼干 100g,饼干糕点,袋,STORE-033,钱塘河庄店,132,3.80,5.90,11,22,5,9,[],synthetic_regular_inventory_v1,,
SN-003,无糖乌龙茶 500ml,饮料乳品,瓶,STORE-033,钱塘河庄店,228,2.60,4.00,17.6,17,5,8,[],synthetic_regular_inventory_v1,,
SN-004,每日坚果 25g,坚果炒货,袋,STORE-033,钱塘河庄店,60,3.40,5.00,12.1,24,5,10,[],synthetic_regular_inventory_v1,,
SN-005,山楂果脯 200g,糖果果干,袋,STORE-033,钱塘河庄店,39,4.50,6.90,6.6,6,5,10,[],synthetic_regular_inventory_v1,,
SN-006,奶香蛋卷 150g,饼干糕点,盒,STORE-033,钱塘河庄店,38,7.20,10.90,5.5,11,5,9,[],synthetic_regular_inventory_v1,,
SN-001,香辣薯片 110g,膨化零食,袋,STORE-034,西湖留下店,115,5.20,7.90,9.6,9,5,7,[],synthetic_regular_inventory_v1,,
SN-002,酸奶夹心饼干 100g,饼干糕点,袋,STORE-034,西湖留下店,156,3.80,5.90,12,24,5,8,[],synthetic_regular_inventory_v1,,
SN-003,无糖乌龙茶 500ml,饮料乳品,瓶,STORE-034,西湖留下店,96,2.60,4.00,19.2,19,5,7,[],synthetic_regular_inventory_v1,,
SN-004,每日坚果 25g,坚果炒货,袋,STORE-034,西湖留下店,79,3.40,5.00,13.2,26,5,9,[],synthetic_regular_inventory_v1,,
SN-005,山楂果脯 200g,糖果果干,袋,STORE-034,西湖留下店,50,4.50,6.90,7.2,7,5,9,[],synthetic_regular_inventory_v1,,
SN-006,奶香蛋卷 150g,饼干糕点,盒,STORE-034,西湖留下店,48,7.20,10.90,6,12,5,8,[],synthetic_regular_inventory_v1,,
SN-001,香辣薯片 110g,膨化零食,袋,STORE-035,上城丁兰店,83,5.20,7.90,6.4,6,5,8,[],synthetic_regular_inventory_v1,,
SN-002,酸奶夹心饼干 100g,饼干糕点,袋,STORE-035,上城丁兰店,40,3.80,5.90,8,16,5,9,[],synthetic_regular_inventory_v1,,
SN-003,无糖乌龙茶 500ml,饮料乳品,瓶,STORE-035,上城丁兰店,76,2.60,4.00,12.8,12,5,8,[],synthetic_regular_inventory_v1,,
SN-004,每日坚果 25g,坚果炒货,袋,STORE-035,上城丁兰店,61,3.40,5.00,8.8,17,5,10,[],synthetic_regular_inventory_v1,,
SN-005,山楂果脯 200g,糖果果干,袋,STORE-035,上城丁兰店,38,4.50,6.90,4.8,4,5,10,[],synthetic_regular_inventory_v1,,
SN-006,奶香蛋卷 150g,饼干糕点,盒,STORE-035,上城丁兰店,36,7.20,10.90,4,8,5,9,[],synthetic_regular_inventory_v1,,
SN-001,香辣薯片 110g,膨化零食,袋,STORE-036,拱墅半山店,36,5.20,7.90,7.2,7,5,7,[],synthetic_regular_inventory_v1,,
SN-002,酸奶夹心饼干 100g,饼干糕点,袋,STORE-036,拱墅半山店,54,3.80,5.90,9,18,5,8,[],synthetic_regular_inventory_v1,,
SN-003,无糖乌龙茶 500ml,饮料乳品,瓶,STORE-036,拱墅半山店,100,2.60,4.00,14.4,14,5,7,[],synthetic_regular_inventory_v1,,
SN-004,每日坚果 25g,坚果炒货,袋,STORE-036,拱墅半山店,79,3.40,5.00,9.9,19,5,9,[],synthetic_regular_inventory_v1,,
SN-005,山楂果脯 200g,糖果果干,袋,STORE-036,拱墅半山店,48,4.50,6.90,5.4,5,5,9,[],synthetic_regular_inventory_v1,,
SN-006,奶香蛋卷 150g,饼干糕点,盒,STORE-036,拱墅半山店,45,7.20,10.90,4.5,9,5,8,[],synthetic_regular_inventory_v1,,
SN-001,香辣薯片 110g,膨化零食,袋,STORE-037,余杭瓶窑店,48,5.20,7.90,8,8,5,8,[],synthetic_regular_inventory_v1,,
SN-002,酸奶夹心饼干 100g,饼干糕点,袋,STORE-037,余杭瓶窑店,70,3.80,5.90,10,20,5,9,[],synthetic_regular_inventory_v1,,
SN-003,无糖乌龙茶 500ml,饮料乳品,瓶,STORE-037,余杭瓶窑店,128,2.60,4.00,16,16,5,8,[],synthetic_regular_inventory_v1,,
SN-004,每日坚果 25g,坚果炒货,袋,STORE-037,余杭瓶窑店,99,3.40,5.00,11,22,5,10,[],synthetic_regular_inventory_v1,,
SN-005,山楂果脯 200g,糖果果干,袋,STORE-037,余杭瓶窑店,60,4.50,6.90,6,6,5,10,[],synthetic_regular_inventory_v1,,
SN-006,奶香蛋卷 150g,饼干糕点,盒,STORE-037,余杭瓶窑店,55,7.20,10.90,5,10,5,9,[],synthetic_regular_inventory_v1,,
SN-001,香辣薯片 110g,膨化零食,袋,STORE-038,临平塘栖店,61,5.20,7.90,8.8,8,5,7,[],synthetic_regular_inventory_v1,,
SN-002,酸奶夹心饼干 100g,饼干糕点,袋,STORE-038,临平塘栖店,88,3.80,5.90,11,22,5,8,[],synthetic_regular_inventory_v1,,
SN-003,无糖乌龙茶 500ml,饮料乳品,瓶,STORE-038,临平塘栖店,158,2.60,4.00,17.6,17,5,7,[],synthetic_regular_inventory_v1,,
SN-004,每日坚果 25g,坚果炒货,袋,STORE-038,临平塘栖店,121,3.40,5.00,12.1,24,5,9,[],synthetic_regular_inventory_v1,,
SN-005,山楂果脯 200g,糖果果干,袋,STORE-038,临平塘栖店,72,4.50,6.90,6.6,6,5,9,[],synthetic_regular_inventory_v1,,
SN-006,奶香蛋卷 150g,饼干糕点,盒,STORE-038,临平塘栖店,66,7.20,10.90,5.5,11,5,8,[],synthetic_regular_inventory_v1,,
SN-001,香辣薯片 110g,膨化零食,袋,STORE-039,滨江白马湖店,76,5.20,7.90,9.6,9,5,8,[],synthetic_regular_inventory_v1,,
SN-002,酸奶夹心饼干 100g,饼干糕点,袋,STORE-039,滨江白马湖店,108,3.80,5.90,12,24,5,9,[],synthetic_regular_inventory_v1,,
SN-003,无糖乌龙茶 500ml,饮料乳品,瓶,STORE-039,滨江白马湖店,192,2.60,4.00,19.2,19,5,8,[],synthetic_regular_inventory_v1,,
SN-004,每日坚果 25g,坚果炒货,袋,STORE-039,滨江白马湖店,145,3.40,5.00,13.2,26,5,10,[],synthetic_regular_inventory_v1,,
SN-005,山楂果脯 200g,糖果果干,袋,STORE-039,滨江白马湖店,86,4.50,6.90,7.2,7,5,10,[],synthetic_regular_inventory_v1,,
SN-006,奶香蛋卷 150g,饼干糕点,盒,STORE-039,滨江白马湖店,78,7.20,10.90,6,12,5,9,[],synthetic_regular_inventory_v1,,
SN-001,香辣薯片 110g,膨化零食,袋,STORE-040,萧山义桥店,57,5.20,7.90,6.4,6,5,7,[],synthetic_regular_inventory_v1,,
SN-002,酸奶夹心饼干 100g,饼干糕点,袋,STORE-040,萧山义桥店,80,3.80,5.90,8,16,5,8,[],synthetic_regular_inventory_v1,,
SN-003,无糖乌龙茶 500ml,饮料乳品,瓶,STORE-040,萧山义桥店,140,2.60,4.00,12.8,12,5,7,[],synthetic_regular_inventory_v1,,
SN-004,每日坚果 25g,坚果炒货,袋,STORE-040,萧山义桥店,105,3.40,5.00,8.8,17,5,9,[],synthetic_regular_inventory_v1,,
SN-005,山楂果脯 200g,糖果果干,袋,STORE-040,萧山义桥店,62,4.50,6.90,4.8,4,5,9,[],synthetic_regular_inventory_v1,,
SN-006,奶香蛋卷 150g,饼干糕点,盒,STORE-040,萧山义桥店,20,7.20,10.90,4,8,5,8,[],synthetic_regular_inventory_v1,,
SN-001,香辣薯片 110g,膨化零食,袋,STORE-041,钱塘临江店,72,5.20,7.90,7.2,7,5,8,[],synthetic_regular_inventory_v1,,
SN-002,酸奶夹心饼干 100g,饼干糕点,袋,STORE-041,钱塘临江店,99,3.80,5.90,9,18,5,9,[],synthetic_regular_inventory_v1,,
SN-003,无糖乌龙茶 500ml,饮料乳品,瓶,STORE-041,钱塘临江店,172,2.60,4.00,14.4,14,5,8,[],synthetic_regular_inventory_v1,,
SN-004,每日坚果 25g,坚果炒货,袋,STORE-041,钱塘临江店,128,3.40,5.00,9.9,19,5,10,[],synthetic_regular_inventory_v1,,
SN-005,山楂果脯 200g,糖果果干,袋,STORE-041,钱塘临江店,27,4.50,6.90,5.4,5,5,10,[],synthetic_regular_inventory_v1,,
SN-006,奶香蛋卷 150g,饼干糕点,盒,STORE-041,钱塘临江店,27,7.20,10.90,4.5,9,5,9,[],synthetic_regular_inventory_v1,,
SN-001,香辣薯片 110g,膨化零食,袋,STORE-042,西湖双浦店,88,5.20,7.90,8,8,5,7,[],synthetic_regular_inventory_v1,,
SN-002,酸奶夹心饼干 100g,饼干糕点,袋,STORE-042,西湖双浦店,120,3.80,5.90,10,20,5,8,[],synthetic_regular_inventory_v1,,
SN-003,无糖乌龙茶 500ml,饮料乳品,瓶,STORE-042,西湖双浦店,208,2.60,4.00,16,16,5,7,[],synthetic_regular_inventory_v1,,
SN-004,每日坚果 25g,坚果炒货,袋,STORE-042,西湖双浦店,55,3.40,5.00,11,22,5,9,[],synthetic_regular_inventory_v1,,
SN-005,山楂果脯 200g,糖果果干,袋,STORE-042,西湖双浦店,36,4.50,6.90,6,6,5,9,[],synthetic_regular_inventory_v1,,
SN-006,奶香蛋卷 150g,饼干糕点,盒,STORE-042,西湖双浦店,35,7.20,10.90,5,10,5,8,[],synthetic_regular_inventory_v1,,
SN-001,香辣薯片 110g,膨化零食,袋,STORE-043,上城九堡店,105,5.20,7.90,8.8,8,5,8,[],synthetic_regular_inventory_v1,,
SN-002,酸奶夹心饼干 100g,饼干糕点,袋,STORE-043,上城九堡店,143,3.80,5.90,11,22,5,9,[],synthetic_regular_inventory_v1,,
SN-003,无糖乌龙茶 500ml,饮料乳品,瓶,STORE-043,上城九堡店,88,2.60,4.00,17.6,17,5,8,[],synthetic_regular_inventory_v1,,
SN-004,每日坚果 25g,坚果炒货,袋,STORE-043,上城九堡店,72,3.40,5.00,12.1,24,5,10,[],synthetic_regular_inventory_v1,,
SN-005,山楂果脯 200g,糖果果干,袋,STORE-043,上城九堡店,46,4.50,6.90,6.6,6,5,10,[],synthetic_regular_inventory_v1,,
SN-006,奶香蛋卷 150g,饼干糕点,盒,STORE-043,上城九堡店,44,7.20,10.90,5.5,11,5,9,[],synthetic_regular_inventory_v1,,
SN-001,香辣薯片 110g,膨化零食,袋,STORE-044,拱墅康桥店,124,5.20,7.90,9.6,9,5,7,[],synthetic_regular_inventory_v1,,
SN-002,酸奶夹心饼干 100g,饼干糕点,袋,STORE-044,拱墅康桥店,60,3.80,5.90,12,24,5,8,[],synthetic_regular_inventory_v1,,
SN-003,无糖乌龙茶 500ml,饮料乳品,瓶,STORE-044,拱墅康桥店,115,2.60,4.00,19.2,19,5,7,[],synthetic_regular_inventory_v1,,
SN-004,每日坚果 25g,坚果炒货,袋,STORE-044,拱墅康桥店,92,3.40,5.00,13.2,26,5,9,[],synthetic_regular_inventory_v1,,
SN-005,山楂果脯 200g,糖果果干,袋,STORE-044,拱墅康桥店,57,4.50,6.90,7.2,7,5,9,[],synthetic_regular_inventory_v1,,
SN-006,奶香蛋卷 150g,饼干糕点,盒,STORE-044,拱墅康桥店,54,7.20,10.90,6,12,5,8,[],synthetic_regular_inventory_v1,,
SN-001,香辣薯片 110g,膨化零食,袋,STORE-045,余杭中泰店,32,5.20,7.90,6.4,6,5,8,[],synthetic_regular_inventory_v1,,
SN-002,酸奶夹心饼干 100g,饼干糕点,袋,STORE-045,余杭中泰店,48,3.80,5.90,8,16,5,9,[],synthetic_regular_inventory_v1,,
SN-003,无糖乌龙茶 500ml,饮料乳品,瓶,STORE-045,余杭中泰店,89,2.60,4.00,12.8,12,5,8,[],synthetic_regular_inventory_v1,,
SN-004,每日坚果 25g,坚果炒货,袋,STORE-045,余杭中泰店,70,3.40,5.00,8.8,17,5,10,[],synthetic_regular_inventory_v1,,
SN-005,山楂果脯 200g,糖果果干,袋,STORE-045,余杭中泰店,43,4.50,6.90,4.8,4,5,10,[],synthetic_regular_inventory_v1,,
SN-006,奶香蛋卷 150g,饼干糕点,盒,STORE-045,余杭中泰店,40,7.20,10.90,4,8,5,9,[],synthetic_regular_inventory_v1,,
SN-001,香辣薯片 110g,膨化零食,袋,STORE-046,临平崇贤店,43,5.20,7.90,7.2,7,5,7,[],synthetic_regular_inventory_v1,,
SN-002,酸奶夹心饼干 100g,饼干糕点,袋,STORE-046,临平崇贤店,63,3.80,5.90,9,18,5,8,[],synthetic_regular_inventory_v1,,
SN-003,无糖乌龙茶 500ml,饮料乳品,瓶,STORE-046,临平崇贤店,115,2.60,4.00,14.4,14,5,7,[],synthetic_regular_inventory_v1,,
SN-004,每日坚果 25g,坚果炒货,袋,STORE-046,临平崇贤店,89,3.40,5.00,9.9,19,5,9,[],synthetic_regular_inventory_v1,,
SN-005,山楂果脯 200g,糖果果干,袋,STORE-046,临平崇贤店,54,4.50,6.90,5.4,5,5,9,[],synthetic_regular_inventory_v1,,
SN-006,奶香蛋卷 150g,饼干糕点,盒,STORE-046,临平崇贤店,49,7.20,10.90,4.5,9,5,8,[],synthetic_regular_inventory_v1,,
SN-001,香辣薯片 110g,膨化零食,袋,STORE-047,滨江物联网店,56,5.20,7.90,8,8,5,8,[],synthetic_regular_inventory_v1,,
SN-002,酸奶夹心饼干 100g,饼干糕点,袋,STORE-047,滨江物联网店,80,3.80,5.90,10,20,5,9,[],synthetic_regular_inventory_v1,,
SN-003,无糖乌龙茶 500ml,饮料乳品,瓶,STORE-047,滨江物联网店,144,2.60,4.00,16,16,5,8,[],synthetic_regular_inventory_v1,,
SN-004,每日坚果 25g,坚果炒货,袋,STORE-047,滨江物联网店,110,3.40,5.00,11,22,5,10,[],synthetic_regular_inventory_v1,,
SN-005,山楂果脯 200g,糖果果干,袋,STORE-047,滨江物联网店,66,4.50,6.90,6,6,5,10,[],synthetic_regular_inventory_v1,,
SN-006,奶香蛋卷 150g,饼干糕点,盒,STORE-047,滨江物联网店,60,7.20,10.90,5,10,5,9,[],synthetic_regular_inventory_v1,,
SN-001,香辣薯片 110g,膨化零食,袋,STORE-048,萧山瓜沥店,70,5.20,7.90,8.8,8,5,7,[],synthetic_regular_inventory_v1,,
SN-002,酸奶夹心饼干 100g,饼干糕点,袋,STORE-048,萧山瓜沥店,99,3.80,5.90,11,22,5,8,[],synthetic_regular_inventory_v1,,
SN-003,无糖乌龙茶 500ml,饮料乳品,瓶,STORE-048,萧山瓜沥店,176,2.60,4.00,17.6,17,5,7,[],synthetic_regular_inventory_v1,,
SN-004,每日坚果 25g,坚果炒货,袋,STORE-048,萧山瓜沥店,133,3.40,5.00,12.1,24,5,9,[],synthetic_regular_inventory_v1,,
SN-005,山楂果脯 200g,糖果果干,袋,STORE-048,萧山瓜沥店,79,4.50,6.90,6.6,6,5,9,[],synthetic_regular_inventory_v1,,
SN-006,奶香蛋卷 150g,饼干糕点,盒,STORE-048,萧山瓜沥店,71,7.20,10.90,5.5,11,5,8,[],synthetic_regular_inventory_v1,,
SN-001,香辣薯片 110g,膨化零食,袋,STORE-049,钱塘新湾店,86,5.20,7.90,9.6,9,5,8,[],synthetic_regular_inventory_v1,,
SN-002,酸奶夹心饼干 100g,饼干糕点,袋,STORE-049,钱塘新湾店,120,3.80,5.90,12,24,5,9,[],synthetic_regular_inventory_v1,,
SN-003,无糖乌龙茶 500ml,饮料乳品,瓶,STORE-049,钱塘新湾店,211,2.60,4.00,19.2,19,5,8,[],synthetic_regular_inventory_v1,,
SN-004,每日坚果 25g,坚果炒货,袋,STORE-049,钱塘新湾店,158,3.40,5.00,13.2,26,5,10,[],synthetic_regular_inventory_v1,,
SN-005,山楂果脯 200g,糖果果干,袋,STORE-049,钱塘新湾店,93,4.50,6.90,7.2,7,5,10,[],synthetic_regular_inventory_v1,,
SN-006,奶香蛋卷 150g,饼干糕点,盒,STORE-049,钱塘新湾店,30,7.20,10.90,6,12,5,9,[],synthetic_regular_inventory_v1,,
SKU-88310,每日坚果礼盒 750g,坚果炒货,件,STORE-001,西湖文三店,120,80.00,108.0000,0.4,0,5,9,"[""slow"", ""near_expiry""]",sample-data/ac01,1,近30天销量低于同规格对照门店中位数 60%；原因待核查。
SKU-34106,纯牛奶整箱 250ml×24,饮料乳品,件,STORE-003,拱墅运河店,90,76.00,102.6000,0.5333333333333333333333333333,0,5,7,"[""near_expiry""]",sample-data/ac01,3,近效期批次预计无法在当前速度下售完；需求与效期证据部分支持。
SKU-22016,海盐薯片分享装 80g×8,膨化零食,件,STORE-006,西湖古荡店,64,38.00,51.3000,0.3333333333333333333333333333,0,5,7,"[""near_expiry""]",sample-data/ac01,6,批次剩余可售时间仅14天，按当前销量预计无法售完。
SKU-71008,芝士威化组合装 500g,饼干糕点,件,STORE-052,西湖学院路店,58,34.00,45.9000,0.2,0,5,8,"[""near_expiry""]",sample-data/ac01,11,批次剩余可售时间不足，按当前销量预计无法售完。
SKU-10428,炭烤腰果礼盒 600g,坚果炒货,件,STORE-002,余杭未来店,110,80.00,108.0000,0.2666666666666666666666666667,0,5,9,"[""slow""]",sample-data/ac01,2,库存覆盖天数偏高；采购量与退换条件待核查。
SKU-55091,酸奶夹心饼干整箱 100g×12,饼干糕点,件,STORE-004,上城庆春店,80,59.00,79.6500,0.4666666666666666666666666667,0,5,8,"[""overpurchase""]",sample-data/ac01,4,销量下降但在途采购状态待核查。
SKU-79033,山楂果脯礼盒 1kg,糖果果干,件,STORE-005,临平东湖店,70,55.00,74.2500,0.6666666666666666666666666667,0,5,9,"[""mismatch""]",sample-data/ac01,5,门店间销量差异需结合规模和可售天数核查。
SKU-33718,气泡果汁整箱 330ml×12,饮料乳品,件,STORE-007,上城湖滨店,48,42.00,56.7000,0.3,0,5,7,"[""near_expiry""]",sample-data/ac01,7,批次可售时间不足，需比较调拨、促销和退供。
SKU-44107,水果果冻分享桶 1kg,糖果果干,件,STORE-008,拱墅大关店,72,31.00,41.8500,0.4,0,5,9,"[""near_expiry""]",sample-data/ac01,8,批次接近处置窗口，当前销量无法覆盖库存。
SKU-56126,乌龙茶整箱 500ml×15,饮料乳品,件,STORE-009,余杭仓前店,56,68.00,91.8000,0.2666666666666666666666666667,0,5,7,"[""near_expiry""]",sample-data/ac01,9,季节性商品接近效期，需优先确认门店与退供路径。
SKU-65031,奶香蛋卷礼盒 400g,饼干糕点,件,STORE-010,临平星桥店,84,27.00,36.4500,0.3666666666666666666666666667,0,5,8,"[""near_expiry""]",sample-data/ac01,10,预计可售量低于批次库存，存在后续报损风险。
SKU-81016,黑巧燕麦棒整盒 30g×20,饼干糕点,件,STORE-014,西湖蒋村店,66,46.00,62.1000,0.3,0,5,8,"[""overpurchase""]",sample-data/ac01,12,当前库存和在途采购叠加后偏高，需确认未执行采购是否减量。
SKU-91021,混合坚果礼盒 1kg,坚果炒货,件,STORE-026,西湖转塘店,46,88.00,118.8000,0.1666666666666666666666666667,0,5,9,"[""slow""]",sample-data/ac01,13,库存周转偏慢，建议优先核对供应商退换条件。
