id,sku,product,store,store_id,sales_30,inventory_qty,unit_cost,comparison,tags,observation,missing_fields
1,SKU-88310,每日坚果礼盒 750g,西湖文三店,STORE-001,12,120,80.00,"[18, 22, 26, 30, 30, 34, 38, 42]","[""slow"", ""near_expiry""]",近30天销量低于同规格对照门店中位数 60%；原因待核查。,"[""shelf_availability"", ""stockout_records""]"
2,SKU-10428,炭烤腰果礼盒 600g,余杭未来店,STORE-002,8,110,80.00,"[12, 18, 20, 25]","[""slow""]",库存覆盖天数偏高；采购量与退换条件待核查。,"[""supplier_return_terms""]"
3,SKU-34106,纯牛奶整箱 250ml×24,拱墅运河店,STORE-003,16,90,76.00,"[18, 22, 25]","[""near_expiry""]",近效期批次预计无法在当前速度下售完；需求与效期证据部分支持。,"[""sellable_days""]"
4,SKU-55091,酸奶夹心饼干整箱 100g×12,上城庆春店,STORE-004,14,80,59.00,"[19, 20, 23]","[""overpurchase""]",销量下降但在途采购状态待核查。,"[""purchase_order_status""]"
5,SKU-79033,山楂果脯礼盒 1kg,临平东湖店,STORE-005,20,70,55.00,"[24, 28, 30]","[""mismatch""]",门店间销量差异需结合规模和可售天数核查。,"[""store_scale"", ""sellable_days""]"
6,SKU-22016,海盐薯片分享装 80g×8,西湖古荡店,STORE-006,10,64,38.00,"[14, 16, 18]","[""near_expiry""]",批次剩余可售时间仅14天，按当前销量预计无法售完。,"[""price_sales_elasticity""]"
7,SKU-33718,气泡果汁整箱 330ml×12,上城湖滨店,STORE-007,9,48,42.00,"[12, 15, 17]","[""near_expiry""]",批次可售时间不足，需比较调拨、促销和退供。,"[""supplier_return_terms""]"
8,SKU-44107,水果果冻分享桶 1kg,拱墅大关店,STORE-008,12,72,31.00,"[16, 18, 21]","[""near_expiry""]",批次接近处置窗口，当前销量无法覆盖库存。,"[""price_sales_elasticity""]"
9,SKU-56126,乌龙茶整箱 500ml×15,余杭仓前店,STORE-009,8,56,68.00,"[13, 15, 17]","[""near_expiry""]",季节性商品接近效期，需优先确认门店与退供路径。,"[""supplier_return_terms""]"
10,SKU-65031,奶香蛋卷礼盒 400g,临平星桥店,STORE-010,11,84,27.00,"[14, 16, 18]","[""near_expiry""]",预计可售量低于批次库存，存在后续报损风险。,"[""price_sales_elasticity""]"
11,SKU-71008,芝士威化组合装 500g,西湖学院路店,STORE-052,6,58,34.00,"[10, 12, 14]","[""near_expiry""]",批次剩余可售时间不足，按当前销量预计无法售完。,"[""price_sales_elasticity""]"
12,SKU-81016,黑巧燕麦棒整盒 30g×20,西湖蒋村店,STORE-014,9,66,46.00,"[15, 17, 19]","[""overpurchase""]",当前库存和在途采购叠加后偏高，需确认未执行采购是否减量。,"[""purchase_order_status""]"
13,SKU-91021,混合坚果礼盒 1kg,西湖转塘店,STORE-026,5,46,88.00,"[9, 11, 13]","[""slow""]",库存周转偏慢，建议优先核对供应商退换条件。,"[""supplier_return_terms""]"
