business_date,store_id,sku_id,net_sold_qty,sales_amount_fen,is_promotion,unit_sale_price_fen
2026-09-19,STORE-HZ-001,SNK-001,1,600,false,600
2026-09-20,STORE-HZ-001,SNK-001,1,600,false,600
2026-09-21,STORE-HZ-001,SNK-001,3,1800,false,600
2026-09-22,STORE-HZ-001,SNK-001,3,1800,false,600
2026-09-23,STORE-HZ-001,SNK-001,3,1800,false,600
2026-09-24,STORE-HZ-001,SNK-001,3,1800,false,600
2026-09-25,STORE-HZ-001,SNK-001,1,600,false,600
2026-09-26,STORE-HZ-001,SNK-001,3,1800,false,600
2026-09-27,STORE-HZ-001,SNK-001,1,600,false,600
2026-09-28,STORE-HZ-001,SNK-001,3,1800,false,600
2026-09-29,STORE-HZ-001,SNK-001,1,600,false,600
2026-09-30,STORE-HZ-001,SNK-001,3,1800,false,600
2026-10-01,STORE-HZ-001,SNK-001,1,600,false,600
2026-10-02,STORE-HZ-001,SNK-001,1,600,false,600
2026-09-13,STORE-HZ-001,SNK-002,1,1290,false,1290
2026-09-14,STORE-HZ-001,SNK-002,0,0,false,1290
2026-09-15,STORE-HZ-001,SNK-002,0,0,false,1290
2026-09-16,STORE-HZ-001,SNK-002,0,0,false,1290
2026-09-17,STORE-HZ-001,SNK-002,0,0,false,1290
2026-09-18,STORE-HZ-001,SNK-002,0,0,false,1290
2026-09-19,STORE-HZ-001,SNK-002,0,0,false,1290
2026-09-20,STORE-HZ-001,SNK-002,0,0,false,1290
2026-09-21,STORE-HZ-001,SNK-002,0,0,false,1290
2026-09-22,STORE-HZ-001,SNK-002,0,0,false,1290
2026-09-23,STORE-HZ-001,SNK-002,0,0,false,1290
2026-09-24,STORE-HZ-001,SNK-002,0,0,false,1290
2026-09-25,STORE-HZ-001,SNK-002,0,0,false,1290
2026-09-26,STORE-HZ-001,SNK-002,0,0,false,1290
2026-09-27,STORE-HZ-001,SNK-002,0,0,false,1290
2026-09-28,STORE-HZ-001,SNK-002,0,0,false,1290
2026-09-29,STORE-HZ-001,SNK-002,0,0,false,1290
2026-09-30,STORE-HZ-001,SNK-002,0,0,false,1290
2026-10-01,STORE-HZ-001,SNK-002,0,0,false,1290
2026-10-02,STORE-HZ-001,SNK-002,0,0,false,1290
2026-09-19,STORE-HZ-002,SNK-001,5,3000,false,600
2026-09-20,STORE-HZ-002,SNK-001,5,3000,false,600
2026-09-21,STORE-HZ-002,SNK-001,3,1800,false,600
2026-09-22,STORE-HZ-002,SNK-001,3,1800,false,600
2026-09-23,STORE-HZ-002,SNK-001,3,1800,false,600
2026-09-24,STORE-HZ-002,SNK-001,3,1800,false,600
2026-09-25,STORE-HZ-002,SNK-001,3,1800,false,600
2026-09-26,STORE-HZ-002,SNK-001,5,3000,false,600
2026-09-27,STORE-HZ-002,SNK-001,5,3000,false,600
2026-09-28,STORE-HZ-002,SNK-001,3,1800,false,600
2026-09-29,STORE-HZ-002,SNK-001,3,1800,false,600
2026-09-30,STORE-HZ-002,SNK-001,5,3000,false,600
2026-10-01,STORE-HZ-002,SNK-001,5,3000,false,600
2026-10-02,STORE-HZ-002,SNK-001,5,3000,false,600
2026-09-19,STORE-HZ-002,SNK-004,0,0,false,450
2026-09-20,STORE-HZ-002,SNK-004,2,900,false,450
2026-09-21,STORE-HZ-002,SNK-004,0,0,false,450
2026-09-22,STORE-HZ-002,SNK-004,0,0,false,450
2026-09-23,STORE-HZ-002,SNK-004,0,0,false,450
2026-09-24,STORE-HZ-002,SNK-004,2,900,false,450
2026-09-25,STORE-HZ-002,SNK-004,2,900,false,450
2026-09-26,STORE-HZ-002,SNK-004,0,0,false,450
2026-09-27,STORE-HZ-002,SNK-004,2,900,false,450
2026-09-28,STORE-HZ-002,SNK-004,2,900,false,450
2026-09-29,STORE-HZ-002,SNK-004,2,900,false,450
2026-09-30,STORE-HZ-002,SNK-004,2,900,false,450
2026-10-01,STORE-HZ-002,SNK-004,0,0,false,450
2026-10-02,STORE-HZ-002,SNK-004,0,0,false,450
2026-09-19,STORE-HZ-003,SNK-002,3,3870,false,1290
2026-09-20,STORE-HZ-003,SNK-002,1,1290,false,1290
2026-09-21,STORE-HZ-003,SNK-002,1,1290,false,1290
2026-09-22,STORE-HZ-003,SNK-002,3,3870,false,1290
2026-09-23,STORE-HZ-003,SNK-002,1,1290,false,1290
2026-09-24,STORE-HZ-003,SNK-002,1,1290,false,1290
2026-09-25,STORE-HZ-003,SNK-002,1,1290,false,1290
2026-09-26,STORE-HZ-003,SNK-002,3,3870,false,1290
2026-09-27,STORE-HZ-003,SNK-002,3,3870,false,1290
2026-09-28,STORE-HZ-003,SNK-002,3,3870,false,1290
2026-09-29,STORE-HZ-003,SNK-002,1,1290,false,1290
2026-09-30,STORE-HZ-003,SNK-002,3,3870,false,1290
2026-10-01,STORE-HZ-003,SNK-002,1,1290,false,1290
2026-10-02,STORE-HZ-003,SNK-002,3,3870,false,1290
