id,name
STORE-001,西湖文三店
STORE-002,余杭未来店
STORE-003,拱墅运河店
STORE-004,上城庆春店
STORE-005,临平东湖店
STORE-006,西湖古荡店
STORE-007,上城湖滨店
STORE-008,拱墅大关店
STORE-009,余杭仓前店
STORE-010,临平星桥店
STORE-052,西湖学院路店
STORE-014,西湖蒋村店
STORE-026,西湖转塘店
STORE-011,滨江长河店
STORE-012,萧山北干店
STORE-013,钱塘下沙店
STORE-015,滨江浦沿店
STORE-016,萧山城厢店
STORE-017,钱塘白杨店
STORE-018,西湖翠苑店
STORE-019,上城望江店
STORE-020,拱墅祥符店
STORE-021,余杭良渚店
STORE-022,临平南苑店
STORE-023,滨江西兴店
STORE-024,萧山新塘店
STORE-025,钱塘义蓬店
STORE-027,上城四季青店
STORE-028,拱墅湖墅店
STORE-029,余杭闲林店
STORE-030,临平乔司店
STORE-031,滨江彩虹城店
STORE-032,萧山蜀山店
STORE-033,钱塘河庄店
STORE-034,西湖留下店
STORE-035,上城丁兰店
STORE-036,拱墅半山店
STORE-037,余杭瓶窑店
STORE-038,临平塘栖店
STORE-039,滨江白马湖店
STORE-040,萧山义桥店
STORE-041,钱塘临江店
STORE-042,西湖双浦店
STORE-043,上城九堡店
STORE-044,拱墅康桥店
STORE-045,余杭中泰店
STORE-046,临平崇贤店
STORE-047,滨江物联网店
STORE-048,萧山瓜沥店
STORE-049,钱塘新湾店
